{"Train f error": 0.0, "Train L2 error": 0.009598072397056966, "Train loss": 0.009598072397056966, "_timestamp": 1665448521.024013, "_runtime": 473.09902596473694, "_step": 148, "_wandb": {"runtime": 475}}