{"Train f error": 0.00870873749954626, "Train L2 error": 0.13593737296760083, "Train loss": 0.009363422510796226, "_timestamp": 1665381980.8575044, "_runtime": 6806.640048265457, "_step": 148, "_wandb": {"runtime": 6851}}