{"Train f error": 0.015779036073217866, "Train L2 error": 0.2121667663566768, "Train loss": 0.01911986793129472, "_timestamp": 1665458887.9566827, "_runtime": 752.107129573822, "_step": 10, "_wandb": {"runtime": 769}}