{"train loss": 0.1089606124162674, "f loss": 0.07115846712142229, "data loss": 0.0075604291772469875, "_timestamp": 1664798638.5743704, "_runtime": 15274.761738300323, "_step": 299, "_wandb": {"runtime": 15274}}