{"Train f error": 0.03231227702635806, "Train L2 error": 0.4085896475240588, "Train loss": 0.039954522257903594, "_timestamp": 1665458109.1946993, "_runtime": 138.77000737190247, "_step": 1, "_wandb": {"runtime": 145}}