{"Train f error": 5.1777719022538804e-05, "Train L2 error": 1.9494364142417908, "Train loss": 0.0, "_timestamp": 1665457456.1866255, "_runtime": 517.3339874744415, "_step": 10, "_wandb": {"runtime": 527}}