{"Train f error": 0.0, "Train L2 error": 1.1084506884217262, "Train loss": 0.0, "_timestamp": 1665446485.8182602, "_runtime": 537.7334880828857, "_step": 148, "_wandb": {"runtime": 540}}