{"Train f error": 2.263126058679177e-05, "Train L2 error": 0.007002289855154231, "Train loss": 3.507968384610649e-05, "_timestamp": 1665513427.8937292, "_runtime": 7927.60262131691, "_step": 148, "_wandb": {"runtime": 7980}}