{"train loss": 0.5059977970719337, "f loss": 0.4914840739369392, "data loss": 0.0029027447982225567, "_timestamp": 1665020030.7924485, "_runtime": 186250.62154841423, "_step": 299, "_wandb": {"runtime": 186250}}