{"train loss": 0.5003646886348725, "f loss": 0.4859265212118626, "data loss": 0.002887633437290788, "_timestamp": 1667790683.258374, "_runtime": 11905.779524087906, "_step": 299, "_wandb": {"runtime": 11905}}