{"Train f error": 1.4587773063112763e-05, "Train L2 error": 1.9141679607331752, "Train loss": 0.0, "_timestamp": 1665456881.2821176, "_runtime": 49.299174547195435, "_step": 0, "_wandb": {"runtime": 89}}