{"Train f error": 0.0, "Train L2 error": 1.2242559522390366, "Train loss": 0.0, "_timestamp": 1665447717.299045, "_runtime": 790.0568010807037, "_step": 25, "_wandb": {"runtime": 804}}