{"Train f error": 0.0, "Train L2 error": 1.4483074784278869, "Train loss": 0.0, "_timestamp": 1665446859.2146492, "_runtime": 27.609727144241333, "_step": 7, "_wandb": {"runtime": 29}}